{
  "version": 1,
  "author": "MD. Nafiur Rahman",
  "editor": "wokwi",
  "parts": [
    {
      "type": "board-esp32-s3-devkitc-1",
      "id": "esp",
      "top": -182.58,
      "left": 14.17,
      "attrs": {}
    },
    { "type": "wokwi-dht22", "id": "dht1", "top": -191.7, "left": -226.2, "attrs": {} },
    { "type": "wokwi-dht22", "id": "dht2", "top": -191.7, "left": -101.4, "attrs": {} },
    {
      "type": "wokwi-relay-module",
      "id": "relay1",
      "top": 9,
      "left": -243.2,
      "rotate": 180,
      "attrs": { "flip": "1" }
    },
    {
      "type": "wokwi-pushbutton",
      "id": "btn1",
      "top": 111.8,
      "left": -230.4,
      "attrs": { "color": "green", "xray": "1" }
    },
    {
      "type": "wokwi-resistor",
      "id": "r1",
      "top": 138.35,
      "left": -153.6,
      "attrs": { "value": "1000" }
    },
    {
      "type": "board-ssd1306",
      "id": "oled1",
      "top": 22.34,
      "left": 144.23,
      "attrs": { "i2cAddress": "0x3c" }
    },
    {
      "type": "wokwi-pushbutton",
      "id": "btn2",
      "top": 227,
      "left": -9.6,
      "attrs": { "color": "green", "xray": "1" }
    },
    {
      "type": "wokwi-pushbutton",
      "id": "btn3",
      "top": 303.8,
      "left": 96,
      "attrs": { "color": "green", "xray": "1" }
    },
    {
      "type": "wokwi-pushbutton",
      "id": "btn4",
      "top": 303.8,
      "left": -105.6,
      "attrs": { "color": "green", "xray": "1" }
    },
    {
      "type": "wokwi-pushbutton",
      "id": "btn5",
      "top": 303.8,
      "left": -9.6,
      "attrs": { "color": "green", "xray": "1" }
    },
    {
      "type": "wokwi-pushbutton",
      "id": "btn6",
      "top": 380.6,
      "left": -9.6,
      "attrs": { "color": "green", "xray": "1" }
    }
  ],
  "connections": [
    [ "esp:TX", "$serialMonitor:RX", "", [] ],
    [ "esp:RX", "$serialMonitor:TX", "", [] ],
    [ "dht1:VCC", "dht2:VCC", "red", [ "v19.2", "h124.8" ] ],
    [ "dht2:SDA", "esp:10", "orange", [ "v0" ] ],
    [ "dht1:GND", "dht2:GND", "black", [ "v9.6", "h124.8" ] ],
    [ "dht2:GND", "esp:GND.1", "black", [ "v0" ] ],
    [ "dht2:VCC", "esp:3V3.1", "red", [ "v0", "h-19.2", "v-115.2", "h76.8" ] ],
    [ "relay1:VCC", "esp:5V", "red", [ "h76.8", "v-9.6" ] ],
    [ "relay1:GND", "esp:GND.1", "black", [ "h57.6", "v10" ] ],
    [ "relay1:IN", "esp:11", "yellow", [ "h67.2", "v-28.6" ] ],
    [ "btn1:2.r", "r1:1", "red", [ "h0" ] ],
    [ "esp:GND.1", "btn1:1.r", "black", [ "h-76.85", "v57.6" ] ],
    [ "esp:12", "btn1:2.l", "cyan", [ "h-48.05", "v86.4", "h-211.2", "v48" ] ],
    [ "dht2:VCC", "r1:2", "red", [ "v192", "h19.2" ] ],
    [ "oled1:GND", "esp:GND.2", "black", [ "v0" ] ],
    [ "oled1:VCC", "esp:3V3.1", "red", [ "v-220.8", "h-172.6" ] ],
    [ "oled1:SDA", "esp:8", "#8f4814", [ "v-28.8", "h-86.33", "v96", "h-124.8", "v-144" ] ],
    [ "dht1:SDA", "esp:13", "#8f4814", [ "v48", "h105.7", "v48" ] ],
    [ "esp:9", "oled1:SCL", "orange", [ "h-9.65", "v105.6", "h124.8", "v-76.8", "h67.2" ] ],
    [ "btn4:2.r", "btn5:2.l", "black", [ "h0" ] ],
    [ "btn5:2.r", "btn3:2.l", "black", [ "h0" ] ],
    [ "btn3:2.r", "btn2:2.r", "black", [ "h38.6", "v-47.8" ] ],
    [ "btn4:2.l", "btn6:2.l", "black", [ "h-38.4", "v76.8" ] ],
    [ "btn1:1.r", "btn2:2.l", "black", [ "v0", "h105.8", "v134.4" ] ],
    [ "esp:46", "btn2:1.l", "violet", [ "v0", "h-28.85" ] ],
    [ "esp:18", "btn5:1.l", "gray", [ "h-38.45", "v374.4" ] ],
    [ "esp:17", "btn6:1.l", "purple", [ "h-48.05", "v460.8" ] ],
    [ "esp:16", "btn4:1.l", "magenta", [ "h-57.65", "v374.4", "h-67.2" ] ],
    [ "esp:15", "btn3:1.l", "limegreen", [ "h-67.25", "v374.4", "h134.4" ] ]
  ],
  "dependencies": {}
}